title,link
Achtsamkeitspraxis @ HOME,https://www.buchsys.de/fu-berlin/angebote/aktueller_zeitraum/_Achtsamkeitspraxis___HOME.html
After Work Fitness @ HOME,https://www.buchsys.de/fu-berlin/angebote/aktueller_zeitraum/_After_Work_Fitness___HOME.html
Ballett - Jazzdance Combo (EN) @ HOME,https://www.buchsys.de/fu-berlin/angebote/aktueller_zeitraum/_Ballett_-_Jazzdance_Combo__EN____HOME.html
Barre Body Fit & Flex (EN) @ HOME,https://www.buchsys.de/fu-berlin/angebote/aktueller_zeitraum/_Barre_Body_Fit__und__Flex__EN____HOME.html
Basic Movement @ Home,https://www.buchsys.de/fu-berlin/angebote/aktueller_zeitraum/_Basic_Movement___Home.html
Bauch-Beine-Po @ HOME,https://www.buchsys.de/fu-berlin/angebote/aktueller_zeitraum/_Bauch-Beine-Po___HOME.html
BauchXPress @ HOME,https://www.buchsys.de/fu-berlin/angebote/aktueller_zeitraum/_BauchXPress___HOME.html
Contemporary Dance (EN) @ HOME,https://www.buchsys.de/fu-berlin/angebote/aktueller_zeitraum/_Contemporary_Dance__EN____HOME.html
Dance Conditioning (EN) @ HOME,https://www.buchsys.de/fu-berlin/angebote/aktueller_zeitraum/_Dance_Conditioning__EN____HOME.html
deepWORK® @ HOME,https://www.buchsys.de/fu-berlin/angebote/aktueller_zeitraum/_deepWORK____HOME.html
Drachenfliegen in Frankreich-Sportreise,https://www.buchsys.de/fu-berlin/angebote/aktueller_zeitraum/_Drachenfliegen_in_Frankreich-Sportreise.html
E-Sports: League of Legends,https://www.buchsys.de/fu-berlin/angebote/aktueller_zeitraum/_E-Sports__League_of_Legends.html
E-Sports: Uniliga,https://www.buchsys.de/fu-berlin/angebote/aktueller_zeitraum/_E-Sports__Uniliga.html
Ernährung @ HOME,https://www.buchsys.de/fu-berlin/angebote/aktueller_zeitraum/_Ernaehrung___HOME.html
FitnessXPress @ HOME,https://www.buchsys.de/fu-berlin/angebote/aktueller_zeitraum/_FitnessXPress___HOME.html
Functional Morning Workout @ HOME,https://www.buchsys.de/fu-berlin/angebote/aktueller_zeitraum/_Functional_Morning_Workout___HOME.html
Functional Training @ HOME,https://www.buchsys.de/fu-berlin/angebote/aktueller_zeitraum/_Functional_Training___HOME.html
"Gesellschafts-, Brett- & Videospiele (DE/EN) @HOME",https://www.buchsys.de/fu-berlin/angebote/aktueller_zeitraum/_Gesellschafts-__Brett-__und__Videospiele__DE_EN___HOME.html
Gleitschirmflug Papilion Paragliding,https://www.buchsys.de/fu-berlin/angebote/aktueller_zeitraum/_Gleitschirmflug_Papilion_Paragliding.html
"Glück, Selbstverwirklichung und Motivation @ HOME",https://www.buchsys.de/fu-berlin/angebote/aktueller_zeitraum/_Glueck__Selbstverwirklichung_und_Motivation___HOME.html
HIIT - High Intensity Interval Training @ HOME,https://www.buchsys.de/fu-berlin/angebote/aktueller_zeitraum/_HIIT_-_High_Intensity_Interval_Training___HOME.html
Hip Hop @ HOME,https://www.buchsys.de/fu-berlin/angebote/aktueller_zeitraum/_Hip_Hop___HOME.html
Kickworkout (Kick-Beine-Po) @ HOME,https://www.buchsys.de/fu-berlin/angebote/aktueller_zeitraum/_Kickworkout__Kick-Beine-Po____HOME.html
Kindertanz @ HOME,https://www.buchsys.de/fu-berlin/angebote/aktueller_zeitraum/_Kindertanz___HOME.html
Kitesurf - Camps Born,https://www.buchsys.de/fu-berlin/angebote/aktueller_zeitraum/_Kitesurf_-_Camps_Born.html
Kitesurf - Camps Thorsminde (DK),https://www.buchsys.de/fu-berlin/angebote/aktueller_zeitraum/_Kitesurf_-_Camps_Thorsminde__DK_.html
Klettern - Alpin - Hochtouren und Gipfelbesteigung,https://www.buchsys.de/fu-berlin/angebote/aktueller_zeitraum/_Klettern_-_Alpin_-_Hochtouren_und_Gipfelbesteigung.html
Klettern - Klettersport im Altmühltal (Aicha),https://www.buchsys.de/fu-berlin/angebote/aktueller_zeitraum/_Klettern_-_Klettersport_im_Altmuehltal__Aicha_.html
Kung-Fu (Shaolin) @ HOME,https://www.buchsys.de/fu-berlin/angebote/aktueller_zeitraum/_Kung-Fu__Shaolin____HOME.html
Meditation @ HOME,https://www.buchsys.de/fu-berlin/angebote/aktueller_zeitraum/_Meditation___HOME.html
Mobility Bootcamp @ HOME,https://www.buchsys.de/fu-berlin/angebote/aktueller_zeitraum/_Mobility_Bootcamp___HOME.html
Muay Thai (Boxen) Technik ALL LEVEL @ HOME,https://www.buchsys.de/fu-berlin/angebote/aktueller_zeitraum/_Muay_Thai__Boxen__Technik_ALL_LEVEL___HOME.html
Orientalischer Tanz @ HOME,https://www.buchsys.de/fu-berlin/angebote/aktueller_zeitraum/_Orientalischer_Tanz___HOME.html
Pausenexpress @ HOME,https://www.buchsys.de/fu-berlin/angebote/aktueller_zeitraum/_Pausenexpress___HOME.html
Pilates @ HOME,https://www.buchsys.de/fu-berlin/angebote/aktueller_zeitraum/_Pilates___HOME.html
Reiten,https://www.buchsys.de/fu-berlin/angebote/aktueller_zeitraum/_Reiten.html
Rückenschule @ HOME,https://www.buchsys.de/fu-berlin/angebote/aktueller_zeitraum/_Rueckenschule___HOME.html
Sportbootführerschein Binnen Theorie @ Home,https://www.buchsys.de/fu-berlin/angebote/aktueller_zeitraum/_Sportbootfuehrerschein_Binnen_Theorie___Home.html
Sportbootführerschein See Theorie @ Home,https://www.buchsys.de/fu-berlin/angebote/aktueller_zeitraum/_Sportbootfuehrerschein_See_Theorie___Home.html
Stretching @ HOME,https://www.buchsys.de/fu-berlin/angebote/aktueller_zeitraum/_Stretching___HOME.html
Survival-Camp (Outdoor),https://www.buchsys.de/fu-berlin/angebote/aktueller_zeitraum/_Survival-Camp__Outdoor_.html
Sweat & Relax @ HOME,https://www.buchsys.de/fu-berlin/angebote/aktueller_zeitraum/_Sweat__und__Relax___HOME.html
Tennis - Freies Spiel,https://www.buchsys.de/fu-berlin/angebote/aktueller_zeitraum/_Tennis_-_Freies_Spiel.html
UniSport @ HOME-Ticket,https://www.buchsys.de/fu-berlin/angebote/aktueller_zeitraum/_UniSport___HOME-Ticket.html
Wassersport / Bootsvermietung,https://www.buchsys.de/fu-berlin/angebote/aktueller_zeitraum/_Wassersport___Bootsvermietung.html
Wellenreiten Frankreich,https://www.buchsys.de/fu-berlin/angebote/aktueller_zeitraum/_Wellenreiten_Frankreich.html
Windsurfen - Sportreise Kegnaes /Als (DK),https://www.buchsys.de/fu-berlin/angebote/aktueller_zeitraum/_Windsurfen_-_Sportreise_Kegnaes__Als__DK_.html
Wingsurf - Camps Thorsminde (DK),https://www.buchsys.de/fu-berlin/angebote/aktueller_zeitraum/_Wingsurf_-_Camps_Thorsminde__DK_.html
Work-Life-Balance @ HOME,https://www.buchsys.de/fu-berlin/angebote/aktueller_zeitraum/_Work-Life-Balance___HOME.html
Yoga - Business Yoga @ HOME,https://www.buchsys.de/fu-berlin/angebote/aktueller_zeitraum/_Yoga_-_Business_Yoga___HOME.html
Yoga - Hatha @ HOME,https://www.buchsys.de/fu-berlin/angebote/aktueller_zeitraum/_Yoga_-_Hatha___HOME.html
Yoga - Power @ HOME,https://www.buchsys.de/fu-berlin/angebote/aktueller_zeitraum/_Yoga_-_Power___HOME.html
